AÃ±o,Inversion Inicial,Flujo de Caja,Tipo de Descuento,Ingresos Anuales,Costos Anuales,Competidores Actuales,Proyeccion Demanda,Empresa,Trimestre
2019,845507.27,4394444,9.21,313206447.7,308812003.7,4,1711,3D Systems,2019Q1
2019,845507.27,4394444,9.21,313206447.7,308812003.7,4,1711,3D Systems,2019Q1
2019,6323091.12,1118604,9.18,626880325.5,625761721.5,4,1316,Raise3D,2019Q1
2019,6323091.12,1118604,9.18,626880325.5,625761721.5,4,1316,Raise3D,2019Q1
2023,871031.4129,65022063.41,6.788504349,119428337.7,54876063.27,6,1806,Flashforge,2019Q1
2023,871031.4129,65022063.41,6.788504349,119428337.7,54876063.27,6,1806,Flashforge,2019Q1
2023,871031.4129,65022063.41,6.788504349,119428337.7,54876063.27,6,1806,Flashforge,2019Q1
2019,802266.8579,66297613.53,6.699169893,120708069.1,55877692.65,7,1800,Flashforge,2019Q1
2019,802266.8579,66297613.53,6.699169893,120708069.1,55877692.65,7,1800,Flashforge,2019Q1
2019,802266.8579,66297613.53,6.699169893,120708069.1,55877692.65,7,1800,Flashforge,2019Q1
2022,878228.6844,64628911.09,6.583772916,119868344.1,55849925.31,7,1807,Raise3D,2019Q1
2022,878228.6844,64628911.09,6.583772916,119868344.1,55849925.31,7,1807,Raise3D,2019Q1
2022,878228.6844,64628911.09,6.583772916,119868344.1,55849925.31,7,1807,Raise3D,2019Q1
2021,834608.5758,65886865.46,7.469485331,119175329,55858562.5,6,1807,3D Systems,2019Q1
2021,834608.5758,65886865.46,7.469485331,119175329,55858562.5,6,1807,3D Systems,2019Q1
2021,834608.5758,65886865.46,7.469485331,119175329,55858562.5,6,1807,3D Systems,2019Q1
2023,816118.9655,64007125.94,6.883502445,119446991.9,54559610.17,7,1812,Raise3D,2019Q1
2023,816118.9655,64007125.94,6.883502445,119446991.9,54559610.17,7,1812,Raise3D,2019Q1
2023,816118.9655,64007125.94,6.883502445,119446991.9,54559610.17,7,1812,Raise3D,2019Q1
2019,821534.7759,65209706.97,6.963037469,119889671.5,55260036.49,6,1818,Peopoly,2019Q1
2019,821534.7759,65209706.97,6.963037469,119889671.5,55260036.49,6,1818,Peopoly,2019Q1
2019,821534.7759,65209706.97,6.963037469,119889671.5,55260036.49,6,1818,Peopoly,2019Q1
2020,803463.3705,65794199.11,7.301896093,119095204.1,54832051.25,6,1804,Prusa Research,2019Q1
2020,803463.3705,65794199.11,7.301896093,119095204.1,54832051.25,6,1804,Prusa Research,2019Q1
2020,803463.3705,65794199.11,7.301896093,119095204.1,54832051.25,6,1804,Prusa Research,2019Q1
2022,865309.2605,66316843.51,7.387023686,119772110.3,55689018.13,6,1808,Raise3D,2019Q1
2022,865309.2605,66316843.51,7.387023686,119772110.3,55689018.13,6,1808,Raise3D,2019Q1
2022,865309.2605,66316843.51,7.387023686,119772110.3,55689018.13,6,1808,Raise3D,2019Q1
2022,893349.7582,64865667.01,6.560985823,119521995.1,54542828.08,6,1801,Sugarlab,2019Q1
2022,893349.7582,64865667.01,6.560985823,119521995.1,54542828.08,6,1801,Sugarlab,2019Q1
2022,893349.7582,64865667.01,6.560985823,119521995.1,54542828.08,6,1801,Sugarlab,2019Q1
2023,887624.8718,65239277.92,6.926480898,119194154.1,55323888.66,7,1822,Peopoly,2019Q1
2023,887624.8718,65239277.92,6.926480898,119194154.1,55323888.66,7,1822,Peopoly,2019Q1
2023,887624.8718,65239277.92,6.926480898,119194154.1,55323888.66,7,1822,Peopoly,2019Q1
2023,867898.3469,66111603.36,6.537445418,120468690.5,54334271.31,7,1800,Anycubic,2019Q1
2023,867898.3469,66111603.36,6.537445418,120468690.5,54334271.31,7,1800,Anycubic,2019Q1
2023,867898.3469,66111603.36,6.537445418,120468690.5,54334271.31,7,1800,Anycubic,2019Q1
2019,870981.8247,66764491.42,7.286208208,119121410.8,54507436.84,7,1824,Voxel8,2019Q1
2019,870981.8247,66764491.42,7.286208208,119121410.8,54507436.84,7,1824,Voxel8,2019Q1
2019,870981.8247,66764491.42,7.286208208,119121410.8,54507436.84,7,1824,Voxel8,2019Q1
2020,853479.3653,66557456.97,6.591676347,119587770.7,55754124.25,6,1809,Killday13,2019Q1
2020,853479.3653,66557456.97,6.591676347,119587770.7,55754124.25,6,1809,Killday13,2019Q1
2020,853479.3653,66557456.97,6.591676347,119587770.7,55754124.25,6,1809,Killday13,2019Q1
2021,805104.6897,66022895.98,7.378000715,119092052.8,54709870.34,6,1805,Voxel8,2019Q1
2021,805104.6897,66022895.98,7.378000715,119092052.8,54709870.34,6,1805,Voxel8,2019Q1
2021,805104.6897,66022895.98,7.378000715,119092052.8,54709870.34,6,1805,Voxel8,2019Q1
2021,807423.7871,64090762.11,7.177869758,120631534.8,55182625.93,6,1808,Ultimaker,2019Q1
2021,807423.7871,64090762.11,7.177869758,120631534.8,55182625.93,6,1808,Ultimaker,2019Q1
2021,807423.7871,64090762.11,7.177869758,120631534.8,55182625.93,6,1808,Ultimaker,2019Q1
2021,892476.5995,65587473.96,6.679129953,119395567.8,54961372.02,6,1812,Peopoly,2019Q1
2021,892476.5995,65587473.96,6.679129953,119395567.8,54961372.02,6,1812,Peopoly,2019Q1
2021,892476.5995,65587473.96,6.679129953,119395567.8,54961372.02,6,1812,Peopoly,2019Q1
2021,809404.8803,66733214.58,7.346564646,120792016.6,55794151.25,7,1815,Peopoly,2019Q1
2021,809404.8803,66733214.58,7.346564646,120792016.6,55794151.25,7,1815,Peopoly,2019Q1
2021,809404.8803,66733214.58,7.346564646,120792016.6,55794151.25,7,1815,Peopoly,2019Q1
2022,883919.6386,64636779.63,6.610929591,120079862.1,54023285.81,6,1818,Formlabs,2019Q1
2022,883919.6386,64636779.63,6.610929591,120079862.1,54023285.81,6,1818,Formlabs,2019Q1
2022,883919.6386,64636779.63,6.610929591,120079862.1,54023285.81,6,1818,Formlabs,2019Q1
2023,877923.505,64164153.36,6.743845946,120600756.9,54682621.79,6,1815,Xyzprinting,2019Q1
2023,877923.505,64164153.36,6.743845946,120600756.9,54682621.79,6,1815,Xyzprinting,2019Q1
2023,877923.505,64164153.36,6.743845946,120600756.9,54682621.79,6,1815,Xyzprinting,2019Q1
2021,802846.4307,64558376.36,7.38150388,120655824.6,54185925.8,7,1804,Bcn3D,2019Q1
2021,802846.4307,64558376.36,7.38150388,120655824.6,54185925.8,7,1804,Bcn3D,2019Q1
2021,802846.4307,64558376.36,7.38150388,120655824.6,54185925.8,7,1804,Bcn3D,2019Q1
2020,899948.0118,66359064.61,7.298547974,119698584.5,55398715.02,7,1817,Peopoly,2019Q1
2020,899948.0118,66359064.61,7.298547974,119698584.5,55398715.02,7,1817,Peopoly,2019Q1
2020,899948.0118,66359064.61,7.298547974,119698584.5,55398715.02,7,1817,Peopoly,2019Q1
2019,848050.9863,66343716.75,7.139109024,120560095,55420978.24,7,1812,Anycubic,2019Q1
2019,848050.9863,66343716.75,7.139109024,120560095,55420978.24,7,1812,Anycubic,2019Q1
2019,848050.9863,66343716.75,7.139109024,120560095,55420978.24,7,1812,Anycubic,2019Q1
2020,867883.1099,66813972.61,7.134029704,120584233,54768581.95,6,1812,Creality,2019Q1
2020,867883.1099,66813972.61,7.134029704,120584233,54768581.95,6,1812,Creality,2019Q1
2020,867883.1099,66813972.61,7.134029704,120584233,54768581.95,6,1812,Creality,2019Q1
2021,894909.506,66323862.51,7.287529835,119333014.7,54786588.88,6,1821,3D Systems,2019Q1
2021,894909.506,66323862.51,7.287529835,119333014.7,54786588.88,6,1821,3D Systems,2019Q1
2021,894909.506,66323862.51,7.287529835,119333014.7,54786588.88,6,1821,3D Systems,2019Q1
2022,875548.5526,64240987.56,6.787266929,119691055.9,54792654.69,6,1818,Prusa Research,2019Q1
2022,875548.5526,64240987.56,6.787266929,119691055.9,54792654.69,6,1818,Prusa Research,2019Q1
2022,875548.5526,64240987.56,6.787266929,119691055.9,54792654.69,6,1818,Prusa Research,2019Q1
2021,803326.2877,65863168.16,6.669598299,119586088.2,55367527.75,7,1816,Sugarlab,2019Q1
2021,803326.2877,65863168.16,6.669598299,119586088.2,55367527.75,7,1816,Sugarlab,2019Q1
2021,803326.2877,65863168.16,6.669598299,119586088.2,55367527.75,7,1816,Sugarlab,2019Q1
2022,871030.8892,66688055.08,7.315411225,119198015.8,55981213.68,7,1800,Killday13,2019Q1
2022,871030.8892,66688055.08,7.315411225,119198015.8,55981213.68,7,1800,Killday13,2019Q1
2022,871030.8892,66688055.08,7.315411225,119198015.8,55981213.68,7,1800,Killday13,2019Q1
2023,891497.6775,64905202.94,7.185820532,119602380.6,55016897.34,6,1822,Ultimaker,2019Q1
2023,891497.6775,64905202.94,7.185820532,119602380.6,55016897.34,6,1822,Ultimaker,2019Q1
2023,891497.6775,64905202.94,7.185820532,119602380.6,55016897.34,6,1822,Ultimaker,2019Q1
2019,846751.2463,64324170.63,6.730614725,120548565.4,55200798.56,6,1821,Flashforge,2019Q1
2019,846751.2463,64324170.63,6.730614725,120548565.4,55200798.56,6,1821,Flashforge,2019Q1
2019,846751.2463,64324170.63,6.730614725,120548565.4,55200798.56,6,1821,Flashforge,2019Q1
2021,818760.997,64958353.27,6.901391888,119081321.9,54065970.3,7,1823,Zortrax,2019Q1
2021,818760.997,64958353.27,6.901391888,119081321.9,54065970.3,7,1823,Zortrax,2019Q1
2021,818760.997,64958353.27,6.901391888,119081321.9,54065970.3,7,1823,Zortrax,2019Q1
2019,843509.7904,65623755.91,7.467973127,119485118.3,54383591.78,6,1810,Peopoly,2019Q1
2019,843509.7904,65623755.91,7.467973127,119485118.3,54383591.78,6,1810,Peopoly,2019Q1
2019,843509.7904,65623755.91,7.467973127,119485118.3,54383591.78,6,1810,Peopoly,2019Q1
2021,804480.5943,64342401.11,6.784581133,120961477.5,55095023.55,6,1822,Prusa Research,2019Q1
2021,804480.5943,64342401.11,6.784581133,120961477.5,55095023.55,6,1822,Prusa Research,2019Q1
2021,804480.5943,64342401.11,6.784581133,120961477.5,55095023.55,6,1822,Prusa Research,2019Q1
2019,859820.0246,64809212.82,7.232464803,120252492.5,55403110.62,6,1814,Flashforge,2019Q1
2019,859820.0246,64809212.82,7.232464803,120252492.5,55403110.62,6,1814,Flashforge,2019Q1
2019,859820.0246,64809212.82,7.232464803,120252492.5,55403110.62,6,1814,Flashforge,2019Q1
2020,826239.4191,66465559.6,6.661690862,120412876.5,54022491.95,7,1812,Prusa Research,2019Q1
2020,826239.4191,66465559.6,6.661690862,120412876.5,54022491.95,7,1812,Prusa Research,2019Q1
2020,826239.4191,66465559.6,6.661690862,120412876.5,54022491.95,7,1812,Prusa Research,2019Q1
2023,868523.27,65283940.72,6.853887859,119516627.7,54880210.74,6,1805,Formlabs,2019Q1
2023,868523.27,65283940.72,6.853887859,119516627.7,54880210.74,6,1805,Formlabs,2019Q1
2023,868523.27,65283940.72,6.853887859,119516627.7,54880210.74,6,1805,Formlabs,2019Q1
2021,809122.6342,65624787.2,6.8761327,120579638.6,55509215.17,7,1807,Peopoly,2019Q1
2021,809122.6342,65624787.2,6.8761327,120579638.6,55509215.17,7,1807,Peopoly,2019Q1
2021,809122.6342,65624787.2,6.8761327,120579638.6,55509215.17,7,1807,Peopoly,2019Q1
2022,810327.0196,66479727.36,7.362436453,120170554.8,54737821.02,7,1811,Aleph Farms,2019Q1
2022,810327.0196,66479727.36,7.362436453,120170554.8,54737821.02,7,1811,Aleph Farms,2019Q1
2022,810327.0196,66479727.36,7.362436453,120170554.8,54737821.02,7,1811,Aleph Farms,2019Q1
2023,801213.4641,66295261.76,6.524527948,120015916.7,55587192.46,7,1817,Raise3D,2019Q1
2023,801213.4641,66295261.76,6.524527948,120015916.7,55587192.46,7,1817,Raise3D,2019Q1
2023,801213.4641,66295261.76,6.524527948,120015916.7,55587192.46,7,1817,Raise3D,2019Q1
2020,828476.5157,65439597.24,6.754682323,120945989,55723591.3,6,1815,Zortrax,2019Q1
2020,828476.5157,65439597.24,6.754682323,120945989,55723591.3,6,1815,Zortrax,2019Q1
2020,828476.5157,65439597.24,6.754682323,120945989,55723591.3,6,1815,Zortrax,2019Q1
2020,847249.9531,66933907.15,7.079167283,119241373.2,55270419.7,7,1817,Sugarlab,2019Q1
2020,847249.9531,66933907.15,7.079167283,119241373.2,55270419.7,7,1817,Sugarlab,2019Q1
2020,847249.9531,66933907.15,7.079167283,119241373.2,55270419.7,7,1817,Sugarlab,2019Q1
2020,895447.7191,66123123.69,6.776987166,120742958.6,54068285.12,6,1803,Markforged,2019Q1
2020,895447.7191,66123123.69,6.776987166,120742958.6,54068285.12,6,1803,Markforged,2019Q1
2020,895447.7191,66123123.69,6.776987166,120742958.6,54068285.12,6,1803,Markforged,2019Q1
2019,873061.0633,64853864.3,6.963042396,120903575.6,54341670.01,7,1809,Formlabs,2019Q1
2019,873061.0633,64853864.3,6.963042396,120903575.6,54341670.01,7,1809,Formlabs,2019Q1
2019,873061.0633,64853864.3,6.963042396,120903575.6,54341670.01,7,1809,Formlabs,2019Q1
2021,841778.1781,64696758.19,7.250395011,119657950.2,55973226.54,6,1802,Prusa Research,2019Q1
2021,841778.1781,64696758.19,7.250395011,119657950.2,55973226.54,6,1802,Prusa Research,2019Q1
2021,841778.1781,64696758.19,7.250395011,119657950.2,55973226.54,6,1802,Prusa Research,2019Q1
2023,837258.6227,66721594.37,7.34755162,119252774.8,55275106.95,6,1822,Aleph Farms,2019Q1
2023,837258.6227,66721594.37,7.34755162,119252774.8,55275106.95,6,1822,Aleph Farms,2019Q1
2023,837258.6227,66721594.37,7.34755162,119252774.8,55275106.95,6,1822,Aleph Farms,2019Q1
2022,829933.6491,65324078.48,6.897596176,119144995.8,55557559.07,7,1810,Markforged,2019Q1
2022,829933.6491,65324078.48,6.897596176,119144995.8,55557559.07,7,1810,Markforged,2019Q1
2022,829933.6491,65324078.48,6.897596176,119144995.8,55557559.07,7,1810,Markforged,2019Q1
2022,853806.3537,64550427.2,7.112632121,119625681.6,55563761.47,6,1819,Voxel8,2019Q1
2022,853806.3537,64550427.2,7.112632121,119625681.6,55563761.47,6,1819,Voxel8,2019Q1
2022,853806.3537,64550427.2,7.112632121,119625681.6,55563761.47,6,1819,Voxel8,2019Q1
2019,14582396.04,1074968.01,4,618503291.9,617428323.9,4,684,Zortrax,2019Q1
2019,14582396.04,1074968.01,4,618503291.9,617428323.9,4,684,Zortrax,2019Q1
2019,859790.9621,64732011.94,6.544314614,120538677,54956656.38,7,1806,Sugarlab,2019Q1
2019,859790.9621,64732011.94,6.544314614,120538677,54956656.38,7,1806,Sugarlab,2019Q1
2019,859790.9621,64732011.94,6.544314614,120538677,54956656.38,7,1806,Sugarlab,2019Q1
2019,835042.3297,66210786.92,7.491425311,120696861.3,54000116.04,6,1821,Aleph Farms,2019Q1
2019,835042.3297,66210786.92,7.491425311,120696861.3,54000116.04,6,1821,Aleph Farms,2019Q1
2019,835042.3297,66210786.92,7.491425311,120696861.3,54000116.04,6,1821,Aleph Farms,2019Q1
2020,853497.7974,64657928.95,6.829975237,120971210.9,55106393.25,7,1819,Zortrax,2019Q1
2020,853497.7974,64657928.95,6.829975237,120971210.9,55106393.25,7,1819,Zortrax,2019Q1
2020,853497.7974,64657928.95,6.829975237,120971210.9,55106393.25,7,1819,Zortrax,2019Q1
2020,880481.1018,65981958.45,6.605330025,119178338.8,55525520.04,6,1824,Formlabs,2019Q1
2020,880481.1018,65981958.45,6.605330025,119178338.8,55525520.04,6,1824,Formlabs,2019Q1
2020,880481.1018,65981958.45,6.605330025,119178338.8,55525520.04,6,1824,Formlabs,2019Q1
2019,894361.9476,64156842.72,7.488922577,119215857.7,55530178.29,7,1800,Flashforge,2019Q1
2019,894361.9476,64156842.72,7.488922577,119215857.7,55530178.29,7,1800,Flashforge,2019Q1
2019,894361.9476,64156842.72,7.488922577,119215857.7,55530178.29,7,1800,Flashforge,2019Q1
2019,880605.46,65069175.94,6.706669255,120574484.7,55147252.28,6,1819,Zortrax,2019Q1
2019,880605.46,65069175.94,6.706669255,120574484.7,55147252.28,6,1819,Zortrax,2019Q1
2019,880605.46,65069175.94,6.706669255,120574484.7,55147252.28,6,1819,Zortrax,2019Q1
2022,852006.8801,64700134.45,6.983442228,119672619.5,55522762.3,6,1819,Aleph Farms,2019Q1
2022,852006.8801,64700134.45,6.983442228,119672619.5,55522762.3,6,1819,Aleph Farms,2019Q1
2022,852006.8801,64700134.45,6.983442228,119672619.5,55522762.3,6,1819,Aleph Farms,2019Q1
2022,809559.1852,65833204.27,6.997858292,119276412.1,55704264.34,7,1804,Xyzprinting,2019Q1
2022,809559.1852,65833204.27,6.997858292,119276412.1,55704264.34,7,1804,Xyzprinting,2019Q1
2022,809559.1852,65833204.27,6.997858292,119276412.1,55704264.34,7,1804,Xyzprinting,2019Q1
2022,891388.8673,65468899.23,6.761611886,120206814.7,54650170.41,7,1805,Formlabs,2019Q1
2022,891388.8673,65468899.23,6.761611886,120206814.7,54650170.41,7,1805,Formlabs,2019Q1
2022,891388.8673,65468899.23,6.761611886,120206814.7,54650170.41,7,1805,Formlabs,2019Q1
2023,883546.5547,66953931.41,7.331154833,119812381.2,54563353.38,7,1806,3D Systems,2019Q1
2023,883546.5547,66953931.41,7.331154833,119812381.2,54563353.38,7,1806,3D Systems,2019Q1
2023,883546.5547,66953931.41,7.331154833,119812381.2,54563353.38,7,1806,3D Systems,2019Q1
2020,896330.7083,64115950.42,7.246344309,119296440.1,55199433.77,6,1818,Flashforge,2019Q1
2020,896330.7083,64115950.42,7.246344309,119296440.1,55199433.77,6,1818,Flashforge,2019Q1
2020,896330.7083,64115950.42,7.246344309,119296440.1,55199433.77,6,1818,Flashforge,2019Q1
2020,806743.9017,66748473.15,7.274842592,119761070.5,54175665.88,6,1815,Stratasys,2019Q1
2020,806743.9017,66748473.15,7.274842592,119761070.5,54175665.88,6,1815,Stratasys,2019Q1
2020,806743.9017,66748473.15,7.274842592,119761070.5,54175665.88,6,1815,Stratasys,2019Q1
2019,4369271.77,1416568.2,8.9,392323351.3,390906783.1,7,663,Creality,2019Q1
2019,4369271.77,1416568.2,8.9,392323351.3,390906783.1,7,663,Creality,2019Q1
2020,891104.3869,64075001.96,7.450480507,120620372.8,55886378.83,7,1821,Killday13,2019Q1
2020,891104.3869,64075001.96,7.450480507,120620372.8,55886378.83,7,1821,Killday13,2019Q1
2020,891104.3869,64075001.96,7.450480507,120620372.8,55886378.83,7,1821,Killday13,2019Q1
2020,814463.0442,66384731.77,7.281636779,120765727.4,55266293.59,6,1807,Formlabs,2019Q1
2020,814463.0442,66384731.77,7.281636779,120765727.4,55266293.59,6,1807,Formlabs,2019Q1
2020,814463.0442,66384731.77,7.281636779,120765727.4,55266293.59,6,1807,Formlabs,2019Q1
2019,862655.1395,66549896.76,6.753091218,120102042.7,54809361.32,6,1824,Flashforge,2019Q1
2019,862655.1395,66549896.76,6.753091218,120102042.7,54809361.32,6,1824,Flashforge,2019Q1
2019,862655.1395,66549896.76,6.753091218,120102042.7,54809361.32,6,1824,Flashforge,2019Q1
2019,852989.9908,65349114.1,7.22565177,120670361.7,55755857.98,6,1822,3D Systems,2019Q1
2019,852989.9908,65349114.1,7.22565177,120670361.7,55755857.98,6,1822,3D Systems,2019Q1
2019,852989.9908,65349114.1,7.22565177,120670361.7,55755857.98,6,1822,3D Systems,2019Q1
2020,851659.4473,66729382.32,6.870018124,120122012.3,55046801.21,7,1806,Bcn3D,2019Q1
2020,851659.4473,66729382.32,6.870018124,120122012.3,55046801.21,7,1806,Bcn3D,2019Q1
2020,851659.4473,66729382.32,6.870018124,120122012.3,55046801.21,7,1806,Bcn3D,2019Q1
2023,825829.4782,64542834.1,6.627244159,120585592.1,54056463.78,7,1819,Bcn3D,2019Q1
2023,825829.4782,64542834.1,6.627244159,120585592.1,54056463.78,7,1819,Bcn3D,2019Q1
2023,825829.4782,64542834.1,6.627244159,120585592.1,54056463.78,7,1819,Bcn3D,2019Q1
2020,867675.7731,66249951.3,6.721339329,119394717.2,54403094.89,6,1812,Markforged,2019Q1
2020,867675.7731,66249951.3,6.721339329,119394717.2,54403094.89,6,1812,Markforged,2019Q1
2020,867675.7731,66249951.3,6.721339329,119394717.2,54403094.89,6,1812,Markforged,2019Q1
2022,889738.9842,65612139.01,6.838994334,119953850.8,54244797.97,7,1813,Formlabs,2019Q1
2022,889738.9842,65612139.01,6.838994334,119953850.8,54244797.97,7,1813,Formlabs,2019Q1
2022,889738.9842,65612139.01,6.838994334,119953850.8,54244797.97,7,1813,Formlabs,2019Q1
2020,894446.736,65158282.35,6.633296695,119132772.7,54830934.28,7,1811,Bcn3D,2019Q1
2020,894446.736,65158282.35,6.633296695,119132772.7,54830934.28,7,1811,Bcn3D,2019Q1
2020,894446.736,65158282.35,6.633296695,119132772.7,54830934.28,7,1811,Bcn3D,2019Q1
2021,866799.18,65024799.66,7.220452237,119857912,54803117.02,6,1811,Peopoly,2019Q1
2021,866799.18,65024799.66,7.220452237,119857912,54803117.02,6,1811,Peopoly,2019Q1
2021,866799.18,65024799.66,7.220452237,119857912,54803117.02,6,1811,Peopoly,2019Q1
2022,803924.4653,64520509.23,7.075813635,120241864.9,54205997.45,7,1812,Bcn3D,2019Q1
2022,803924.4653,64520509.23,7.075813635,120241864.9,54205997.45,7,1812,Bcn3D,2019Q1
2022,803924.4653,64520509.23,7.075813635,120241864.9,54205997.45,7,1812,Bcn3D,2019Q1
2022,803633.5361,66755585.25,7.294009561,119749940.8,55709723.85,6,1822,Aleph Farms,2019Q1
2022,803633.5361,66755585.25,7.294009561,119749940.8,55709723.85,6,1822,Aleph Farms,2019Q1
2022,803633.5361,66755585.25,7.294009561,119749940.8,55709723.85,6,1822,Aleph Farms,2019Q1
2022,809832.439,65029014.26,7.15624425,119404436.1,55849028.96,6,1811,Zortrax,2019Q1
2022,809832.439,65029014.26,7.15624425,119404436.1,55849028.96,6,1811,Zortrax,2019Q1
2022,809832.439,65029014.26,7.15624425,119404436.1,55849028.96,6,1811,Zortrax,2019Q1
2021,892579.8986,66846407.83,6.50291759,120113785.2,55449806.02,7,1824,Zortrax,2019Q1
2021,892579.8986,66846407.83,6.50291759,120113785.2,55449806.02,7,1824,Zortrax,2019Q1
2021,892579.8986,66846407.83,6.50291759,120113785.2,55449806.02,7,1824,Zortrax,2019Q1
2020,827837.9307,64294299.12,6.665472967,119602824,55829785.8,6,1803,Voxel8,2019Q1
2020,827837.9307,64294299.12,6.665472967,119602824,55829785.8,6,1803,Voxel8,2019Q1
2020,827837.9307,64294299.12,6.665472967,119602824,55829785.8,6,1803,Voxel8,2019Q1
2019,849507.03,65094169.73,6.89,120723244,55629074.24,7,1821,Natural Machines,2019Q1
2019,849507.03,65094169.73,6.89,120723244,55629074.24,7,1821,Natural Machines,2019Q1
2023,867061.1459,65145378.49,7.022558923,120575786.9,55849420.96,6,1823,Killday13,2019Q1
2023,867061.1459,65145378.49,7.022558923,120575786.9,55849420.96,6,1823,Killday13,2019Q1
2023,867061.1459,65145378.49,7.022558923,120575786.9,55849420.96,6,1823,Killday13,2019Q1
2020,867874.7006,65553565.3,6.937840985,119333898.9,54176501.14,6,1812,Markforged,2019Q1
2020,867874.7006,65553565.3,6.937840985,119333898.9,54176501.14,6,1812,Markforged,2019Q1
2020,867874.7006,65553565.3,6.937840985,119333898.9,54176501.14,6,1812,Markforged,2019Q1
2020,897140.0186,64317554.42,7.164304814,120795265.3,54781351.54,6,1809,Formlabs,2019Q1
2020,897140.0186,64317554.42,7.164304814,120795265.3,54781351.54,6,1809,Formlabs,2019Q1
2020,897140.0186,64317554.42,7.164304814,120795265.3,54781351.54,6,1809,Formlabs,2019Q1
2023,836969.9778,64199243.05,6.622636179,120423211.8,55854367.19,6,1816,Voxel8,2019Q1
2023,836969.9778,64199243.05,6.622636179,120423211.8,55854367.19,6,1816,Voxel8,2019Q1
2023,836969.9778,64199243.05,6.622636179,120423211.8,55854367.19,6,1816,Voxel8,2019Q1
2021,848135.5583,66605160.47,6.569023533,120201981.4,54104628.55,7,1814,Anycubic,2019Q1
2021,848135.5583,66605160.47,6.569023533,120201981.4,54104628.55,7,1814,Anycubic,2019Q1
2021,848135.5583,66605160.47,6.569023533,120201981.4,54104628.55,7,1814,Anycubic,2019Q1
2019,822543.6553,65327374.71,7.331946444,120687603.6,55335227.76,6,1800,Aleph Farms,2019Q1
2019,822543.6553,65327374.71,7.331946444,120687603.6,55335227.76,6,1800,Aleph Farms,2019Q1
2019,822543.6553,65327374.71,7.331946444,120687603.6,55335227.76,6,1800,Aleph Farms,2019Q1
2022,816611.8067,66372757.69,6.905232126,120154801,55738507.11,6,1810,Creality,2019Q1
2022,816611.8067,66372757.69,6.905232126,120154801,55738507.11,6,1810,Creality,2019Q1
2022,816611.8067,66372757.69,6.905232126,120154801,55738507.11,6,1810,Creality,2019Q1
2021,832749.5483,65781687.27,6.513795182,119337903.8,54971043.99,7,1804,Zortrax,2019Q1
2021,832749.5483,65781687.27,6.513795182,119337903.8,54971043.99,7,1804,Zortrax,2019Q1
2021,832749.5483,65781687.27,6.513795182,119337903.8,54971043.99,7,1804,Zortrax,2019Q1
2019,803957.2095,64979179.24,7.398966051,120522840,55091872.34,7,1811,Xyzprinting,2019Q1
2019,803957.2095,64979179.24,7.398966051,120522840,55091872.34,7,1811,Xyzprinting,2019Q1
2019,803957.2095,64979179.24,7.398966051,120522840,55091872.34,7,1811,Xyzprinting,2019Q1
2022,861868.0059,64174969.27,7.18258611,119329911.4,54047130.26,7,1803,Zortrax,2019Q1
2022,861868.0059,64174969.27,7.18258611,119329911.4,54047130.26,7,1803,Zortrax,2019Q1
2022,861868.0059,64174969.27,7.18258611,119329911.4,54047130.26,7,1803,Zortrax,2019Q1
2020,845129.8708,66912861.73,7.362431659,120214093.7,55840222.32,6,1800,Killday13,2019Q1
2020,845129.8708,66912861.73,7.362431659,120214093.7,55840222.32,6,1800,Killday13,2019Q1
2020,845129.8708,66912861.73,7.362431659,120214093.7,55840222.32,6,1800,Killday13,2019Q1
2019,7721692.01,2486714.16,10.66,227791965.1,225305251,8,1589,Prusa Research,2019Q1
2019,7721692.01,2486714.16,10.66,227791965.1,225305251,8,1589,Prusa Research,2019Q1
2019,7809092.57,2974306.91,10.08,638645687.4,635671380.5,4,1317,Formlabs,2019Q1
2019,7809092.57,2974306.91,10.08,638645687.4,635671380.5,4,1317,Formlabs,2019Q1
2021,820034.4008,65990348.52,7.148780967,120023612.7,55165593.85,7,1806,Sugarlab,2019Q1
2021,820034.4008,65990348.52,7.148780967,120023612.7,55165593.85,7,1806,Sugarlab,2019Q1
2021,820034.4008,65990348.52,7.148780967,120023612.7,55165593.85,7,1806,Sugarlab,2019Q1
2022,818510.1814,65470254.44,7.299496938,120101064.8,54836437.17,7,1803,Bcn3D,2019Q1
2022,818510.1814,65470254.44,7.299496938,120101064.8,54836437.17,7,1803,Bcn3D,2019Q1
2022,818510.1814,65470254.44,7.299496938,120101064.8,54836437.17,7,1803,Bcn3D,2019Q1
2022,805935.0622,66294670.24,6.835202047,120357460.8,55816419.5,7,1822,Voxel8,2019Q1
2022,805935.0622,66294670.24,6.835202047,120357460.8,55816419.5,7,1822,Voxel8,2019Q1
2022,805935.0622,66294670.24,6.835202047,120357460.8,55816419.5,7,1822,Voxel8,2019Q1
2021,894655.1174,65963804.43,7.352134224,119028758.7,55875933.67,7,1823,Sugarlab,2019Q1
2021,894655.1174,65963804.43,7.352134224,119028758.7,55875933.67,7,1823,Sugarlab,2019Q1
2021,894655.1174,65963804.43,7.352134224,119028758.7,55875933.67,7,1823,Sugarlab,2019Q1
2022,861067.7542,66899347.62,6.541086269,120448551.4,55199466.54,7,1816,Bcn3D,2019Q1
2022,861067.7542,66899347.62,6.541086269,120448551.4,55199466.54,7,1816,Bcn3D,2019Q1
2022,861067.7542,66899347.62,6.541086269,120448551.4,55199466.54,7,1816,Bcn3D,2019Q1
2023,849865.9072,64862934.08,6.56257675,119528525.7,54786566.5,6,1822,Voxel8,2019Q1
2023,849865.9072,64862934.08,6.56257675,119528525.7,54786566.5,6,1822,Voxel8,2019Q1
2023,849865.9072,64862934.08,6.56257675,119528525.7,54786566.5,6,1822,Voxel8,2019Q1
2023,880407.3895,66945221.98,7.071814052,119571049.4,55035101.8,6,1819,Makerbot,2019Q1
2023,880407.3895,66945221.98,7.071814052,119571049.4,55035101.8,6,1819,Makerbot,2019Q1
2023,880407.3895,66945221.98,7.071814052,119571049.4,55035101.8,6,1819,Makerbot,2019Q1
2022,880374.0304,66694702.02,6.575308514,119331972.3,54448446.66,6,1810,Peopoly,2019Q1
2022,880374.0304,66694702.02,6.575308514,119331972.3,54448446.66,6,1810,Peopoly,2019Q1
2022,880374.0304,66694702.02,6.575308514,119331972.3,54448446.66,6,1810,Peopoly,2019Q1
2023,826634.4793,65222940.7,6.747949302,120118635.9,55511522.87,7,1815,Xyzprinting,2019Q1
2023,826634.4793,65222940.7,6.747949302,120118635.9,55511522.87,7,1815,Xyzprinting,2019Q1
2023,826634.4793,65222940.7,6.747949302,120118635.9,55511522.87,7,1815,Xyzprinting,2019Q1
2019,864181.4381,65443920.5,7.311936273,119828089.1,55525996.67,6,1817,Anycubic,2019Q1
2019,864181.4381,65443920.5,7.311936273,119828089.1,55525996.67,6,1817,Anycubic,2019Q1
2019,864181.4381,65443920.5,7.311936273,119828089.1,55525996.67,6,1817,Anycubic,2019Q1
2019,6982975.53,49579900.14,7.01,99700910.8,50121010.66,3,1851,Redefine Meat,2019Q1
2019,6982975.53,49579900.14,7.01,99700910.8,50121010.66,3,1851,Redefine Meat,2019Q1
2023,824964.9791,64920233.41,7.470258674,120070343.4,55705713.65,6,1812,Peopoly,2019Q1
2023,824964.9791,64920233.41,7.470258674,120070343.4,55705713.65,6,1812,Peopoly,2019Q1
2023,824964.9791,64920233.41,7.470258674,120070343.4,55705713.65,6,1812,Peopoly,2019Q1
2023,842660.8151,64378012.66,7.499583628,120536438,55274226.62,7,1824,Stratasys,2019Q1
2023,842660.8151,64378012.66,7.499583628,120536438,55274226.62,7,1824,Stratasys,2019Q1
2023,842660.8151,64378012.66,7.499583628,120536438,55274226.62,7,1824,Stratasys,2019Q1
2021,896142.2043,66071832.1,7.232445179,120843706.1,55593504.75,6,1802,Sugarlab,2019Q1
2021,896142.2043,66071832.1,7.232445179,120843706.1,55593504.75,6,1802,Sugarlab,2019Q1
2021,896142.2043,66071832.1,7.232445179,120843706.1,55593504.75,6,1802,Sugarlab,2019Q1
2021,885743.2573,65200371.91,7.454802209,119171927.9,54346827.63,6,1817,Ultimaker,2019Q1
2021,885743.2573,65200371.91,7.454802209,119171927.9,54346827.63,6,1817,Ultimaker,2019Q1
2021,885743.2573,65200371.91,7.454802209,119171927.9,54346827.63,6,1817,Ultimaker,2019Q1
2023,840131.3462,64717730.79,6.777950876,119893613.5,55684653.69,6,1817,Prusa Research,2019Q1
2023,840131.3462,64717730.79,6.777950876,119893613.5,55684653.69,6,1817,Prusa Research,2019Q1
2023,840131.3462,64717730.79,6.777950876,119893613.5,55684653.69,6,1817,Prusa Research,2019Q1
2023,831064.6809,65523565.2,6.988880258,119423600.6,54201921.4,6,1818,Zortrax,2019Q1
2023,831064.6809,65523565.2,6.988880258,119423600.6,54201921.4,6,1818,Zortrax,2019Q1
2023,831064.6809,65523565.2,6.988880258,119423600.6,54201921.4,6,1818,Zortrax,2019Q1
2021,843749.484,65376337.55,7.349025263,120879601.6,54969211.43,6,1809,Xyzprinting,2019Q1
2021,843749.484,65376337.55,7.349025263,120879601.6,54969211.43,6,1809,Xyzprinting,2019Q1
2021,843749.484,65376337.55,7.349025263,120879601.6,54969211.43,6,1809,Xyzprinting,2019Q1
2022,881701.2321,66468590.99,7.355271626,119606530.3,54518649.79,6,1819,Creality,2019Q1
2022,881701.2321,66468590.99,7.355271626,119606530.3,54518649.79,6,1819,Creality,2019Q1
2022,881701.2321,66468590.99,7.355271626,119606530.3,54518649.79,6,1819,Creality,2019Q1
2020,849124.5407,65721839.51,6.504190418,120010351.3,54293380.82,7,1813,Prusa Research,2019Q1
2020,849124.5407,65721839.51,6.504190418,120010351.3,54293380.82,7,1813,Prusa Research,2019Q1
2020,849124.5407,65721839.51,6.504190418,120010351.3,54293380.82,7,1813,Prusa Research,2019Q1
2021,898665.1222,66806010.36,6.832047405,119004452,55721049.56,7,1820,Formlabs,2019Q1
2021,898665.1222,66806010.36,6.832047405,119004452,55721049.56,7,1820,Formlabs,2019Q1
2021,898665.1222,66806010.36,6.832047405,119004452,55721049.56,7,1820,Formlabs,2019Q1
2023,810803.3805,65759215.71,7.413588355,120325315.7,55455948.76,6,1819,Aleph Farms,2019Q1
2023,810803.3805,65759215.71,7.413588355,120325315.7,55455948.76,6,1819,Aleph Farms,2019Q1
2023,810803.3805,65759215.71,7.413588355,120325315.7,55455948.76,6,1819,Aleph Farms,2019Q1
2022,812421.4755,65183141.02,6.745719604,119540096.1,54204599.09,7,1813,Peopoly,2019Q1
2022,812421.4755,65183141.02,6.745719604,119540096.1,54204599.09,7,1813,Peopoly,2019Q1
2022,812421.4755,65183141.02,6.745719604,119540096.1,54204599.09,7,1813,Peopoly,2019Q1
2019,847557.7505,66617398.65,7.477360193,120186416.5,55136818.31,7,1810,Voxel8,2019Q1
2019,847557.7505,66617398.65,7.477360193,120186416.5,55136818.31,7,1810,Voxel8,2019Q1
2019,847557.7505,66617398.65,7.477360193,120186416.5,55136818.31,7,1810,Voxel8,2019Q1
2022,851822.3416,64425266.8,7.120627586,119491053.3,54815081.15,7,1817,Peopoly,2019Q1
2022,851822.3416,64425266.8,7.120627586,119491053.3,54815081.15,7,1817,Peopoly,2019Q1
2022,851822.3416,64425266.8,7.120627586,119491053.3,54815081.15,7,1817,Peopoly,2019Q1
2019,895375.1756,65432320.52,6.663333589,120449177.5,54558778.66,6,1802,Peopoly,2019Q1
2019,895375.1756,65432320.52,6.663333589,120449177.5,54558778.66,6,1802,Peopoly,2019Q1
2019,895375.1756,65432320.52,6.663333589,120449177.5,54558778.66,6,1802,Peopoly,2019Q1
2022,889413.8162,66654553.17,6.551400503,120531294,54991722.44,6,1812,Stratasys,2019Q1
2022,889413.8162,66654553.17,6.551400503,120531294,54991722.44,6,1812,Stratasys,2019Q1
2022,889413.8162,66654553.17,6.551400503,120531294,54991722.44,6,1812,Stratasys,2019Q1
2019,893576.8821,66830749.52,7.055401767,120050150.8,54374229.15,7,1809,Stratasys,2019Q1
2019,893576.8821,66830749.52,7.055401767,120050150.8,54374229.15,7,1809,Stratasys,2019Q1
2019,893576.8821,66830749.52,7.055401767,120050150.8,54374229.15,7,1809,Stratasys,2019Q1
2020,834025.3219,65906221.15,6.577303888,120699358.4,54353486.12,6,1803,Flashforge,2019Q1
2020,834025.3219,65906221.15,6.577303888,120699358.4,54353486.12,6,1803,Flashforge,2019Q1
2020,834025.3219,65906221.15,6.577303888,120699358.4,54353486.12,6,1803,Flashforge,2019Q1
2019,808835.1708,64465374.71,7.324834592,119905261,54488486.9,6,1818,Peopoly,2019Q1
2019,808835.1708,64465374.71,7.324834592,119905261,54488486.9,6,1818,Peopoly,2019Q1
2019,808835.1708,64465374.71,7.324834592,119905261,54488486.9,6,1818,Peopoly,2019Q1
2019,889800.3098,66255635.02,7.060844057,120704061.1,54482830.75,6,1814,Prusa Research,2019Q1
2019,889800.3098,66255635.02,7.060844057,120704061.1,54482830.75,6,1814,Prusa Research,2019Q1
2019,889800.3098,66255635.02,7.060844057,120704061.1,54482830.75,6,1814,Prusa Research,2019Q1
2020,812909.3799,66988806.24,6.596586877,120502537.4,54649799.03,7,1802,Stratasys,2019Q1
2020,812909.3799,66988806.24,6.596586877,120502537.4,54649799.03,7,1802,Stratasys,2019Q1
2020,812909.3799,66988806.24,6.596586877,120502537.4,54649799.03,7,1802,Stratasys,2019Q1
2020,892269.7961,65999216.64,7.129717355,119222882.4,54004070.25,7,1819,Voxel8,2019Q1
2020,892269.7961,65999216.64,7.129717355,119222882.4,54004070.25,7,1819,Voxel8,2019Q1
2020,892269.7961,65999216.64,7.129717355,119222882.4,54004070.25,7,1819,Voxel8,2019Q1
2022,818834.136,66801270.83,7.411698806,120614171.8,54461260.89,6,1810,Stratasys,2019Q1
2022,818834.136,66801270.83,7.411698806,120614171.8,54461260.89,6,1810,Stratasys,2019Q1
2022,818834.136,66801270.83,7.411698806,120614171.8,54461260.89,6,1810,Stratasys,2019Q1
2020,896867.3097,64170546.07,7.174725007,120330270.7,55616921.06,7,1815,Makerbot,2019Q1
2020,896867.3097,64170546.07,7.174725007,120330270.7,55616921.06,7,1815,Makerbot,2019Q1
2020,896867.3097,64170546.07,7.174725007,120330270.7,55616921.06,7,1815,Makerbot,2019Q1
2020,874138.9611,65608973.23,6.683362842,120708678.5,54148501.98,7,1808,3D Systems,2019Q1
2020,874138.9611,65608973.23,6.683362842,120708678.5,54148501.98,7,1808,3D Systems,2019Q1
2020,874138.9611,65608973.23,6.683362842,120708678.5,54148501.98,7,1808,3D Systems,2019Q1
2023,870749.6299,66680426.5,6.892987564,119794713.8,55454501.45,6,1800,Killday13,2019Q1
2023,870749.6299,66680426.5,6.892987564,119794713.8,55454501.45,6,1800,Killday13,2019Q1
2023,870749.6299,66680426.5,6.892987564,119794713.8,55454501.45,6,1800,Killday13,2019Q1
2022,860754.1257,65050231.73,6.900188848,120153643.3,55021819.15,6,1813,Bcn3D,2019Q1
2022,860754.1257,65050231.73,6.900188848,120153643.3,55021819.15,6,1813,Bcn3D,2019Q1
2022,860754.1257,65050231.73,6.900188848,120153643.3,55021819.15,6,1813,Bcn3D,2019Q1
2019,4473498.09,1215343.34,3.01,261049194.5,259833851.1,5,740,Xyzprinting,2019Q1
2019,4473498.09,1215343.34,3.01,261049194.5,259833851.1,5,740,Xyzprinting,2019Q1
2019,6577686.77,2643065.18,9.62,177417307.7,174774242.5,3,1299,Flashforge,2019Q1
2019,6577686.77,2643065.18,9.62,177417307.7,174774242.5,3,1299,Flashforge,2019Q1
2019,5444555.42,1706088.59,3,494443408.8,492737320.2,6,1775,Anycubic,2019Q1
2019,5444555.42,1706088.59,3,494443408.8,492737320.2,6,1775,Anycubic,2019Q1
2019,850588.5544,66105815.51,7.322901403,120429064.6,55054006.64,7,1809,Flashforge,2019Q1
2019,850588.5544,66105815.51,7.322901403,120429064.6,55054006.64,7,1809,Flashforge,2019Q1
2019,850588.5544,66105815.51,7.322901403,120429064.6,55054006.64,7,1809,Flashforge,2019Q1
2019,872421.845,66072767.3,7.390800508,120270784.7,55707463.68,7,1808,Sugarlab,2019Q1
2019,872421.845,66072767.3,7.390800508,120270784.7,55707463.68,7,1808,Sugarlab,2019Q1
2019,872421.845,66072767.3,7.390800508,120270784.7,55707463.68,7,1808,Sugarlab,2019Q1
2019,875775.4488,64631989.28,6.679328419,119584322,55100742.9,6,1812,Formlabs,2019Q1
2019,875775.4488,64631989.28,6.679328419,119584322,55100742.9,6,1812,Formlabs,2019Q1
2019,875775.4488,64631989.28,6.679328419,119584322,55100742.9,6,1812,Formlabs,2019Q1
2019,884905.796,64943054.72,7.168364949,119298362.3,55640529.5,7,1808,Markforged,2019Q1
2019,884905.796,64943054.72,7.168364949,119298362.3,55640529.5,7,1808,Markforged,2019Q1
2019,884905.796,64943054.72,7.168364949,119298362.3,55640529.5,7,1808,Markforged,2019Q1
2023,854728.4381,64156600.39,7.151180066,119691035.9,55044470.62,6,1823,Makerbot,2019Q1
2023,854728.4381,64156600.39,7.151180066,119691035.9,55044470.62,6,1823,Makerbot,2019Q1
2023,854728.4381,64156600.39,7.151180066,119691035.9,55044470.62,6,1823,Makerbot,2019Q1
2019,896428.2749,66394854.38,7.373952046,119151868.3,55792287.22,6,1823,Bcn3D,2019Q1
2019,896428.2749,66394854.38,7.373952046,119151868.3,55792287.22,6,1823,Bcn3D,2019Q1
2019,896428.2749,66394854.38,7.373952046,119151868.3,55792287.22,6,1823,Bcn3D,2019Q1
2022,804302.4571,65544134.87,7.340210581,119964706.1,54643148.26,7,1810,Markforged,2019Q1
2022,804302.4571,65544134.87,7.340210581,119964706.1,54643148.26,7,1810,Markforged,2019Q1
2022,804302.4571,65544134.87,7.340210581,119964706.1,54643148.26,7,1810,Markforged,2019Q1
2019,810121.465,66272225.92,6.720326374,119965186.6,54156167.91,6,1810,Stratasys,2019Q1
2019,810121.465,66272225.92,6.720326374,119965186.6,54156167.91,6,1810,Stratasys,2019Q1
2019,810121.465,66272225.92,6.720326374,119965186.6,54156167.91,6,1810,Stratasys,2019Q1
2021,845958.8952,66927595.64,6.881562651,120392781.4,55317489.35,7,1821,Ultimaker,2019Q1
2021,845958.8952,66927595.64,6.881562651,120392781.4,55317489.35,7,1821,Ultimaker,2019Q1
2021,845958.8952,66927595.64,6.881562651,120392781.4,55317489.35,7,1821,Ultimaker,2019Q1
2019,825877.4337,66718434.95,7.193671053,120382420.1,55234838.35,6,1803,Raise3D,2019Q1
2019,825877.4337,66718434.95,7.193671053,120382420.1,55234838.35,6,1803,Raise3D,2019Q1
2019,825877.4337,66718434.95,7.193671053,120382420.1,55234838.35,6,1803,Raise3D,2019Q1
2023,898953.5211,65980698.63,7.014351979,119956876.2,54507583.52,7,1817,Sugarlab,2019Q1
2023,898953.5211,65980698.63,7.014351979,119956876.2,54507583.52,7,1817,Sugarlab,2019Q1
2023,898953.5211,65980698.63,7.014351979,119956876.2,54507583.52,7,1817,Sugarlab,2019Q1
2023,878645.241,65149113.89,7.245522019,119938153.4,54945697.41,7,1804,Stratasys,2019Q1
2023,878645.241,65149113.89,7.245522019,119938153.4,54945697.41,7,1804,Stratasys,2019Q1
2023,878645.241,65149113.89,7.245522019,119938153.4,54945697.41,7,1804,Stratasys,2019Q1
2022,802545.1822,66122033.84,7.067753838,119800134.6,55252199.14,7,1807,Stratasys,2019Q1
2022,802545.1822,66122033.84,7.067753838,119800134.6,55252199.14,7,1807,Stratasys,2019Q1
2022,802545.1822,66122033.84,7.067753838,119800134.6,55252199.14,7,1807,Stratasys,2019Q1
2020,841964.6243,65026859.46,7.000922057,119315694.1,55001239.78,7,1816,Prusa Research,2019Q1
2020,841964.6243,65026859.46,7.000922057,119315694.1,55001239.78,7,1816,Prusa Research,2019Q1
2020,841964.6243,65026859.46,7.000922057,119315694.1,55001239.78,7,1816,Prusa Research,2019Q1
2019,816108.6642,66889819.22,7.421000359,119616975.3,55463755.87,6,1818,Markforged,2019Q1
2019,816108.6642,66889819.22,7.421000359,119616975.3,55463755.87,6,1818,Markforged,2019Q1
2019,816108.6642,66889819.22,7.421000359,119616975.3,55463755.87,6,1818,Markforged,2019Q1
2022,865729.5421,66956515.89,7.493613372,119363294.3,54762308.53,6,1809,Zortrax,2019Q1
2022,865729.5421,66956515.89,7.493613372,119363294.3,54762308.53,6,1809,Zortrax,2019Q1
2022,865729.5421,66956515.89,7.493613372,119363294.3,54762308.53,6,1809,Zortrax,2019Q1
2019,833093.1386,65724757.52,7.369550972,119019235,55794280.58,6,1815,Sugarlab,2019Q1
2019,833093.1386,65724757.52,7.369550972,119019235,55794280.58,6,1815,Sugarlab,2019Q1
2019,833093.1386,65724757.52,7.369550972,119019235,55794280.58,6,1815,Sugarlab,2019Q1
2021,847397.7732,64666159,6.569035691,119346484.4,54141322.66,6,1815,Creality,2019Q1
2021,847397.7732,64666159,6.569035691,119346484.4,54141322.66,6,1815,Creality,2019Q1
2021,847397.7732,64666159,6.569035691,119346484.4,54141322.66,6,1815,Creality,2019Q1
2022,863248.711,64213327.22,7.371819552,120881029.7,55735390.13,6,1811,Creality,2019Q1
2022,863248.711,64213327.22,7.371819552,120881029.7,55735390.13,6,1811,Creality,2019Q1
2022,863248.711,64213327.22,7.371819552,120881029.7,55735390.13,6,1811,Creality,2019Q1
2023,899400.046,66039836.91,7.241443679,119050362.6,55476518.48,7,1807,Stratasys,2019Q1
2023,899400.046,66039836.91,7.241443679,119050362.6,55476518.48,7,1807,Stratasys,2019Q1
2023,899400.046,66039836.91,7.241443679,119050362.6,55476518.48,7,1807,Stratasys,2019Q1
2020,841694.5593,66024174.17,6.943768567,119484167.4,54325563.37,7,1805,3D Systems,2019Q1
2020,841694.5593,66024174.17,6.943768567,119484167.4,54325563.37,7,1805,3D Systems,2019Q1
2020,841694.5593,66024174.17,6.943768567,119484167.4,54325563.37,7,1805,3D Systems,2019Q1
2022,899496.923,66820177.34,7.093836452,120825194.2,55498055.34,6,1802,Creality,2019Q1
2022,899496.923,66820177.34,7.093836452,120825194.2,55498055.34,6,1802,Creality,2019Q1
2022,899496.923,66820177.34,7.093836452,120825194.2,55498055.34,6,1802,Creality,2019Q1
2021,851940.2004,65869025.41,7.39854769,120582173.2,55049925.81,7,1816,Formlabs,2019Q1
2021,851940.2004,65869025.41,7.39854769,120582173.2,55049925.81,7,1816,Formlabs,2019Q1
2021,851940.2004,65869025.41,7.39854769,120582173.2,55049925.81,7,1816,Formlabs,2019Q1
2019,819647.8594,65164177.87,7.196072465,119008883.2,55971760.08,7,1820,Makerbot,2019Q1
2019,819647.8594,65164177.87,7.196072465,119008883.2,55971760.08,7,1820,Makerbot,2019Q1
2019,819647.8594,65164177.87,7.196072465,119008883.2,55971760.08,7,1820,Makerbot,2019Q1
2021,838728.2738,64361767.34,7.483323144,119510624.9,54536888.26,7,1816,Sugarlab,2019Q1
2021,838728.2738,64361767.34,7.483323144,119510624.9,54536888.26,7,1816,Sugarlab,2019Q1
2021,838728.2738,64361767.34,7.483323144,119510624.9,54536888.26,7,1816,Sugarlab,2019Q1
2019,9797973.96,4400862.63,9.55,411642846.9,407241984.2,4,726,Peopoly,2019Q1
2019,9797973.96,4400862.63,9.55,411642846.9,407241984.2,4,726,Peopoly,2019Q1
2022,899060.8946,65972340.17,6.810763063,119733902.3,55807196.36,7,1822,Xyzprinting,2019Q1
2022,899060.8946,65972340.17,6.810763063,119733902.3,55807196.36,7,1822,Xyzprinting,2019Q1
2022,899060.8946,65972340.17,6.810763063,119733902.3,55807196.36,7,1822,Xyzprinting,2019Q1
2019,865081.5398,66276759.39,6.615639723,120178423.4,54367444.65,6,1812,Xyzprinting,2019Q1
2019,865081.5398,66276759.39,6.615639723,120178423.4,54367444.65,6,1812,Xyzprinting,2019Q1
2019,865081.5398,66276759.39,6.615639723,120178423.4,54367444.65,6,1812,Xyzprinting,2019Q1
2020,819423.2951,66542894.09,7.150057751,119145588.4,55069821.69,7,1819,Flashforge,2019Q1
2020,819423.2951,66542894.09,7.150057751,119145588.4,55069821.69,7,1819,Flashforge,2019Q1
2020,819423.2951,66542894.09,7.150057751,119145588.4,55069821.69,7,1819,Flashforge,2019Q1
2020,842802.9591,65342210.56,6.949075256,120209332.9,54894618.58,6,1805,Creality,2019Q1
2020,842802.9591,65342210.56,6.949075256,120209332.9,54894618.58,6,1805,Creality,2019Q1
2020,842802.9591,65342210.56,6.949075256,120209332.9,54894618.58,6,1805,Creality,2019Q1
2022,827127.6702,66167459.35,6.842203125,119662532.1,55930872.21,7,1813,3D Systems,2019Q1
2022,827127.6702,66167459.35,6.842203125,119662532.1,55930872.21,7,1813,3D Systems,2019Q1
2022,827127.6702,66167459.35,6.842203125,119662532.1,55930872.21,7,1813,3D Systems,2019Q1
2019,844244.7778,66692246.68,6.768117156,120278686.4,54159376.22,6,1806,Formlabs,2019Q1
2019,844244.7778,66692246.68,6.768117156,120278686.4,54159376.22,6,1806,Formlabs,2019Q1
2019,844244.7778,66692246.68,6.768117156,120278686.4,54159376.22,6,1806,Formlabs,2019Q1
2021,810364.5459,65675246.51,6.992131839,119721691.9,54129242.37,7,1810,Aleph Farms,2019Q1
2021,810364.5459,65675246.51,6.992131839,119721691.9,54129242.37,7,1810,Aleph Farms,2019Q1
2021,810364.5459,65675246.51,6.992131839,119721691.9,54129242.37,7,1810,Aleph Farms,2019Q1
2022,893650.4198,65293723.14,6.923863476,119146101.3,54742244.11,6,1810,Zortrax,2019Q1
2022,893650.4198,65293723.14,6.923863476,119146101.3,54742244.11,6,1810,Zortrax,2019Q1
2022,893650.4198,65293723.14,6.923863476,119146101.3,54742244.11,6,1810,Zortrax,2019Q1
2021,808022.9978,64168200.7,6.991253162,119084449.5,54789912.24,7,1819,Bcn3D,2019Q1
2021,808022.9978,64168200.7,6.991253162,119084449.5,54789912.24,7,1819,Bcn3D,2019Q1
2021,808022.9978,64168200.7,6.991253162,119084449.5,54789912.24,7,1819,Bcn3D,2019Q1
2022,842516.5671,64437476.25,7.151945889,120644132.9,55981157.62,6,1821,Formlabs,2019Q1
2022,842516.5671,64437476.25,7.151945889,120644132.9,55981157.62,6,1821,Formlabs,2019Q1
2022,842516.5671,64437476.25,7.151945889,120644132.9,55981157.62,6,1821,Formlabs,2019Q1
2019,840388.509,64969892.25,7.23602246,119852766.4,54449784.25,7,1812,Anycubic,2019Q1
2019,840388.509,64969892.25,7.23602246,119852766.4,54449784.25,7,1812,Anycubic,2019Q1
2019,840388.509,64969892.25,7.23602246,119852766.4,54449784.25,7,1812,Anycubic,2019Q1
2019,803274.4064,66510032.41,7.497673566,120362069.9,55622504.01,6,1800,Ultimaker,2019Q1
2019,803274.4064,66510032.41,7.497673566,120362069.9,55622504.01,6,1800,Ultimaker,2019Q1
2019,803274.4064,66510032.41,7.497673566,120362069.9,55622504.01,6,1800,Ultimaker,2019Q1
2019,816769.8014,66687670,7.477803845,119957744,55611771,6,1804,Voxel8,2019Q1
2019,816769.8014,66687670,7.477803845,119957744,55611771,6,1804,Voxel8,2019Q1